ID,Collection date
6M0J,2021-04-30
6W41,2021-04-30
6W7Y,2021-04-30
6XC2,2021-04-30
6XC3,2021-04-30
6XC4,2021-04-30
6XC7,2021-04-30
6XCM,2021-04-30
6XCN,2021-04-30
6XDG,2021-04-30
6XE1,2021-04-30
6XKP,2021-04-30
6XKQ,2021-04-30
6ZDG,2021-04-30
6ZDH,2021-04-30
6ZER,2021-04-30
6ZFO,2021-04-30
7A29,2021-04-30
7A5R,2021-04-30
7A5S,2021-04-30
7B3O,2021-04-30
7BEH,2021-04-30
7BEI,2021-04-30
7BEJ,2021-04-30
7BEK,2021-04-30
7BEL,2021-04-30
7BEM,2021-04-30
7BEN,2021-04-30
7BEO,2021-04-30
7BEP,2021-04-30
7BWJ,2021-04-30
7BYR,2021-04-30
7C01,2021-04-30
7C2L,2021-04-30
7C8V,2021-04-30
7C8W,2021-04-30
7CAC,2021-04-30
7CAH,2021-04-30
7CAI,2021-04-30
7CAK,2021-04-30
7CAN,2021-04-30
7CDI,2021-04-30
7CDJ,2021-04-30
7CH4,2021-04-30
7CH5,2021-04-30
7CHB,2021-04-30
7CHC,2021-04-30
7CHE,2021-04-30
7CHF,2021-04-30
7CHH,2021-04-30
7CJF,2021-04-30
7CR5,2021-04-30
7CWL,2021-04-30
7CWM,2021-04-30
7CWN,2021-04-30
7CWO,2021-04-30
7CWS,2021-04-30
7CWU,2021-04-30
7CZP,2021-04-30
7CZQ,2021-04-30
7CZR,2021-04-30
7CZS,2021-04-30
7CZT,2021-04-30
7CZU,2021-04-30
7CZV,2021-04-30
7CZW,2021-04-30
7CZX,2021-04-30
7CZY,2021-04-30
7CZZ,2021-04-30
7D00,2021-04-30
7D03,2021-04-30
7D0B,2021-04-30
7D0C,2021-04-30
7D0D,2021-04-30
7D4G,2021-04-30
7DEO,2021-04-30
7DPM,2021-04-30
7DX4,2021-05-17
7E23,2021-05-17
7EAM,2021-04-30
7JMO,2021-04-30
7JMP,2021-04-30
7JMW,2021-04-30
7JV2,2021-04-30
7JV4,2021-04-30
7JV6,2021-04-30
7JVA,2021-04-30
7JVC,2021-04-30
7JW0,2021-04-30
7JWB,2021-04-30
7K43,2021-04-30
7K45,2021-04-30
7K4N,2021-04-30
7K8M,2021-04-30
7K8S,2021-04-30
7K8T,2021-04-30
7K8U,2021-04-30
7K8V,2021-04-30
7K8W,2021-04-30
7K8X,2021-04-30
7K8Y,2021-04-30
7K8Z,2021-04-30
7K90,2021-04-30
7K9Z,2021-04-30
7KFV,2021-04-30
7KFW,2021-04-30
7KFX,2021-04-30
7KFY,2021-04-30
7KKL,2021-04-30
7KLG,2021-04-30
7KLH,2021-04-30
7KMG,2021-04-30
7KMH,2021-04-30
7KMI,2021-04-30
7KMK,2021-04-30
7KML,2021-04-30
7KN5,2021-04-30
7KN6,2021-04-30
7KN7,2021-04-30
7KS9,2021-04-30
7KXJ,2021-04-30
7KXK,2021-04-30
7KZB,2021-04-30
7L02,2021-04-30
7L06,2021-04-30
7L09,2021-04-30
7L0N,2021-04-30
7L2C,2021-04-30
7L2D,2021-04-30
7L2E,2021-04-30
7L2F,2021-04-30
7L3N,2021-04-30
7L56,2021-04-30
7L57,2021-04-30
7L58,2021-04-30
7L5B,2021-04-30
7LAA,2021-04-30
7LAB,2021-04-30
7LCN,2021-04-30
7LD1,2021-04-30
7LFZ,2021-04-30
7LG0,2021-04-30
7LG2,2021-04-30
7LG3,2021-04-30
7LJR,2021-04-30
7LLF,2021-04-30
7LM8,2021-04-30
7LOP,2021-04-30
7LQV,2021-04-30
7LQW,2021-04-30
7LS9,2021-04-30
7LSS,2021-04-30
7LXW,2021-04-30
7LXX,2021-04-30
7LXY,2021-04-30
7LXZ,2021-04-30
7LY0,2021-04-30
7LY2,2021-04-30
7LY3,2021-04-30
7M3I,2021-05-17
7M6D,2021-05-17
7M6E,2021-05-17
7M6F,2021-05-17
7M6G,2021-05-17
7M6H,2021-05-17
7M6I,2021-05-17
7M7W,2021-05-17
7MF1,2021-05-17
7MMO,2021-05-17
7ND3,2021-04-30
7ND4,2021-04-30
7ND5,2021-04-30
7ND6,2021-04-30
7ND7,2021-04-30
7ND8,2021-04-30
7ND9,2021-04-30
7NDA,2021-04-30
7NDB,2021-04-30
7NDC,2021-04-30
7NDD,2021-04-30
7NEG,2021-04-30
7NEH,2021-04-30
7NTC,2021-05-17
7NX6,2021-04-30
7NX7,2021-04-30
7NX8,2021-04-30
7NX9,2021-04-30
7NXA,2021-04-30
7NXB,2021-04-30
